,Primeras Dosis Diarias,Primeras Dosis Acumulado,"Primeras Dosis Acumulado, % poblacion",Segundas y Janssen Diarias,Segundas y Janssen Acumulada,"Segundas y Janssen Acumulado, % Poblacion",Dosis Todas Diarias,Dosis Todas Acumuladas,Terceras acumuladas,Terceras diarias
2021-02-02,,1589.0,0.0,,0.0,0.0,,1589.0,0.0,0.0
2021-02-03,1971.0,3560.0,0.0,0.0,0.0,0.0,1971.0,3560.0,0.0,0.0
2021-02-04,1612.0,5172.0,0.0,0.0,0.0,0.0,1612.0,5172.0,0.0,0.0
2021-02-05,2258.0,7430.0,0.1,0.0,0.0,0.0,2258.0,7430.0,0.1,0.0
2021-02-06,206.0,7636.0,0.1,0.0,0.0,0.0,206.0,7636.0,0.1,0.0
2021-02-07,116.0,7752.0,0.1,0.0,0.0,0.0,116.0,7752.0,0.1,0.0
2021-02-08,1153.0,8905.0,0.1,0.0,0.0,0.0,1153.0,8905.0,0.1,0.0
2021-02-09,847.0,9752.0,0.1,0.0,0.0,0.0,847.0,9752.0,0.1,0.0
2021-02-10,415.0,10167.0,0.1,0.0,0.0,0.0,415.0,10167.0,0.1,0.0
2021-02-11,0.0,10167.0,0.1,0.0,0.0,0.0,0.0,10167.0,0.1,0.0
2021-02-12,0.0,10167.0,0.1,0.0,0.0,0.0,0.0,10167.0,0.1,0.0
2021-02-13,0.0,10167.0,0.1,0.0,0.0,0.0,0.0,10167.0,0.1,0.0
2021-02-14,0.0,10167.0,0.1,0.0,0.0,0.0,0.0,10167.0,0.1,0.0
2021-02-15,0.0,10167.0,0.1,0.0,0.0,0.0,0.0,10167.0,0.1,0.0
2021-02-16,0.0,10167.0,0.1,0.0,0.0,0.0,0.0,10167.0,0.1,0.0
2021-02-17,0.0,10167.0,0.1,0.0,0.0,0.0,0.0,10167.0,0.1,0.0
2021-02-18,0.0,10167.0,0.1,0.0,0.0,0.0,0.0,10167.0,0.1,0.0
2021-02-19,0.0,10167.0,0.1,0.0,0.0,0.0,0.0,10167.0,0.1,0.0
2021-02-20,134.0,10301.0,0.1,12.0,12.0,0.0,146.0,10313.0,0.1,0.0
2021-02-21,0.0,10301.0,0.1,0.0,12.0,0.0,0.0,10313.0,0.1,0.0
2021-02-22,0.0,10301.0,0.1,198.0,210.0,0.0,198.0,10511.0,0.1,0.0
2021-02-23,0.0,10301.0,0.1,820.0,1030.0,0.0,820.0,11331.0,0.1,0.0
2021-02-24,0.0,10301.0,0.1,1604.0,2634.0,0.0,1604.0,12935.0,0.1,0.0
2021-02-25,1678.0,11979.0,0.1,3996.0,6630.0,0.1,5674.0,18609.0,0.2,0.0
2021-02-26,0.0,11979.0,0.1,0.0,6630.0,0.1,0.0,18609.0,0.2,0.0
2021-02-27,10233.0,22212.0,0.2,971.0,7601.0,0.1,11204.0,29813.0,0.3,0.0
2021-02-28,0.0,22212.0,0.2,0.0,7601.0,0.1,0.0,29813.0,0.3,0.0
2021-03-01,0.0,22212.0,0.2,0.0,7601.0,0.1,0.0,29813.0,0.3,0.0
2021-03-02,24243.0,46455.0,0.4,1561.0,9162.0,0.1,25804.0,55617.0,0.5,0.0
2021-03-03,0.0,46455.0,0.4,0.0,9162.0,0.1,0.0,55617.0,0.5,0.0
2021-03-04,0.0,46455.0,0.4,0.0,9162.0,0.1,0.0,55617.0,0.5,0.0
2021-03-05,0.0,46455.0,0.4,0.0,9162.0,0.1,0.0,55617.0,0.5,0.0
2021-03-06,49942.0,96397.0,0.8,623.0,9785.0,0.1,50565.0,106182.0,0.9,0.0
2021-03-07,723.0,97120.0,0.8,0.0,9785.0,0.1,723.0,106905.0,0.9,0.0
2021-03-08,5116.0,102236.0,0.9,45.0,9830.0,0.1,5161.0,112066.0,1.0,0.0
2021-03-09,6974.0,109210.0,0.9,40.0,9870.0,0.1,7014.0,119080.0,1.0,0.0
2021-03-10,7801.0,117011.0,1.0,8.0,9878.0,0.1,7809.0,126889.0,1.1,0.0
2021-03-11,5337.0,122348.0,1.1,60.0,9938.0,0.1,5397.0,132286.0,1.1,0.0
2021-03-12,4851.0,127199.0,1.1,13.0,9951.0,0.1,4864.0,137150.0,1.2,0.0
2021-03-13,637.0,127836.0,1.1,0.0,9951.0,0.1,637.0,137787.0,1.2,0.0
2021-03-14,431.0,128267.0,1.1,0.0,9951.0,0.1,431.0,138218.0,1.2,0.0
2021-03-15,3547.0,131814.0,1.1,45.0,9996.0,0.1,3592.0,141810.0,1.2,0.0
2021-03-16,4218.0,136032.0,1.2,11.0,10007.0,0.1,4229.0,146039.0,1.3,0.0
2021-03-17,4500.0,140532.0,1.2,54.0,10061.0,0.1,4554.0,150593.0,1.3,0.0
2021-03-18,4284.0,144816.0,1.2,1068.0,11129.0,0.1,5352.0,155945.0,1.3,0.0
2021-03-19,5229.0,150045.0,1.3,5810.0,16939.0,0.1,11039.0,166984.0,1.4,0.0
2021-03-20,441.0,150486.0,1.3,1633.0,18572.0,0.2,2074.0,169058.0,1.5,0.0
2021-03-21,332.0,150818.0,1.3,930.0,19502.0,0.2,1262.0,170320.0,1.5,0.0
2021-03-22,2977.0,153795.0,1.3,8733.0,28235.0,0.2,11710.0,182030.0,1.6,0.0
2021-03-23,2462.0,156257.0,1.3,13907.0,42142.0,0.4,16369.0,198399.0,1.7,0.0
2021-03-24,4942.0,161199.0,1.4,15155.0,57297.0,0.5,20097.0,218496.0,1.9,0.0
2021-03-25,5538.0,166737.0,1.4,14144.0,71441.0,0.6,19682.0,238178.0,2.0,0.0
2021-03-26,6527.0,173264.0,1.5,14466.0,85907.0,0.7,20993.0,259171.0,2.2,0.0
2021-03-27,1535.0,174799.0,1.5,2408.0,88315.0,0.8,3943.0,263114.0,2.3,0.0
2021-03-28,370.0,175169.0,1.5,403.0,88718.0,0.8,773.0,263887.0,2.3,0.0
2021-03-29,5315.0,180484.0,1.6,6608.0,95326.0,0.8,11923.0,275810.0,2.4,0.0
2021-03-30,6477.0,186961.0,1.6,7040.0,102366.0,0.9,13517.0,289327.0,2.5,0.0
2021-03-31,7919.0,194880.0,1.7,6939.0,109305.0,0.9,14858.0,304185.0,2.6,0.0
2021-04-01,8223.0,203103.0,1.7,5707.0,115012.0,1.0,13930.0,318115.0,2.7,0.0
2021-04-02,994.0,204097.0,1.8,956.0,115968.0,1.0,1950.0,320065.0,2.8,0.0
2021-04-03,1018.0,205115.0,1.8,724.0,116692.0,1.0,1742.0,321807.0,2.8,0.0
2021-04-04,888.0,206003.0,1.8,386.0,117078.0,1.0,1274.0,323081.0,2.8,0.0
2021-04-05,9923.0,215926.0,1.9,6629.0,123707.0,1.1,16552.0,339633.0,2.9,0.0
2021-04-06,13630.0,229556.0,2.0,4661.0,128368.0,1.1,18291.0,357924.0,3.1,0.0
2021-04-07,16207.0,245763.0,2.1,4324.0,132692.0,1.1,20531.0,378455.0,3.3,0.0
2021-04-08,17969.0,263732.0,2.3,4380.0,137072.0,1.2,22349.0,400804.0,3.4,0.0
2021-04-09,19069.0,282801.0,2.4,3969.0,141041.0,1.2,23038.0,423842.0,3.6,0.0
2021-04-10,4203.0,287004.0,2.5,457.0,141498.0,1.2,4660.0,428502.0,3.7,0.0
2021-04-11,2349.0,289353.0,2.5,167.0,141665.0,1.2,2516.0,431018.0,3.7,0.0
2021-04-12,13638.0,302991.0,2.6,2761.0,144426.0,1.2,16399.0,447417.0,3.9,0.0
2021-04-13,14710.0,317701.0,2.7,3769.0,148195.0,1.3,18479.0,465896.0,4.0,0.0
2021-04-14,15436.0,333137.0,2.9,5022.0,153217.0,1.3,20458.0,486354.0,4.2,0.0
2021-04-15,15458.0,348595.0,3.0,5603.0,158820.0,1.4,21061.0,507415.0,4.4,0.0
2021-04-16,16738.0,365333.0,3.1,6343.0,165163.0,1.4,23081.0,530496.0,4.6,0.0
2021-04-17,5150.0,370483.0,3.2,728.0,165891.0,1.4,5878.0,536374.0,4.6,0.0
2021-04-18,2656.0,373139.0,3.2,200.0,166091.0,1.4,2856.0,539230.0,4.6,0.0
2021-04-19,12750.0,385889.0,3.3,5414.0,171505.0,1.5,18164.0,557394.0,4.8,0.0
2021-04-20,14198.0,400087.0,3.4,5619.0,177124.0,1.5,19817.0,577211.0,5.0,0.0
2021-04-21,13556.0,413643.0,3.6,5599.0,182723.0,1.6,19155.0,596366.0,5.1,0.0
2021-04-22,17495.0,431138.0,3.7,5933.0,188656.0,1.6,23428.0,619794.0,5.3,0.0
2021-04-23,25505.0,456643.0,3.9,1819.0,190475.0,1.6,27324.0,647118.0,5.6,0.0
2021-04-24,9180.0,465823.0,4.0,315.0,190790.0,1.6,9495.0,656613.0,5.7,0.0
2021-04-25,3763.0,469586.0,4.0,234.0,191024.0,1.6,3997.0,660610.0,5.7,0.0
2021-04-26,20909.0,490495.0,4.2,7135.0,198159.0,1.7,28044.0,688654.0,5.9,0.0
2021-04-27,26463.0,516958.0,4.4,7829.0,205988.0,1.8,34292.0,722946.0,6.2,0.0
2021-04-28,30513.0,547471.0,4.7,8585.0,214573.0,1.8,39098.0,762044.0,6.6,0.0
2021-04-29,29348.0,576819.0,5.0,7930.0,222503.0,1.9,37278.0,799322.0,6.9,0.0
2021-04-30,33715.0,610534.0,5.3,9605.0,232108.0,2.0,43320.0,842642.0,7.3,0.0
2021-05-01,4066.0,614600.0,5.3,1441.0,233549.0,2.0,5507.0,848149.0,7.3,0.0
2021-05-02,1836.0,616436.0,5.3,1207.0,234756.0,2.0,3043.0,851192.0,7.3,0.0
2021-05-03,21258.0,637694.0,5.5,6119.0,240875.0,2.1,27377.0,878569.0,7.6,0.0
2021-05-04,25347.0,663041.0,5.7,5947.0,246822.0,2.1,31294.0,909863.0,7.8,0.0
2021-05-05,26592.0,689633.0,5.9,4964.0,251786.0,2.2,31556.0,941419.0,8.1,0.0
2021-05-06,20607.0,710240.0,6.1,4520.0,256306.0,2.2,25127.0,966546.0,8.3,0.0
2021-05-07,17954.0,728194.0,6.3,5800.0,262106.0,2.3,23754.0,990300.0,8.5,0.0
2021-05-08,5111.0,733305.0,6.3,1885.0,263991.0,2.3,6996.0,997296.0,8.6,0.0
2021-05-09,857.0,734162.0,6.3,665.0,264656.0,2.3,1522.0,998818.0,8.6,0.0
2021-05-10,7497.0,741659.0,6.4,4667.0,269323.0,2.3,12164.0,1010982.0,8.7,0.0
2021-05-11,7180.0,748839.0,6.4,4257.0,273580.0,2.4,11437.0,1022419.0,8.8,0.0
2021-05-12,5686.0,754525.0,6.5,3022.0,276602.0,2.4,8708.0,1031127.0,8.9,0.0
2021-05-13,22389.0,776914.0,6.7,3379.0,279981.0,2.4,25768.0,1056895.0,9.1,0.0
2021-05-14,33477.0,810391.0,7.0,3593.0,283574.0,2.4,37070.0,1093965.0,9.4,0.0
2021-05-15,8098.0,818489.0,7.0,1008.0,284582.0,2.4,9106.0,1103071.0,9.5,0.0
2021-05-16,2752.0,821241.0,7.1,902.0,285484.0,2.5,3654.0,1106725.0,9.5,0.0
2021-05-17,36251.0,857492.0,7.4,3078.0,288562.0,2.5,39329.0,1146054.0,9.9,0.0
2021-05-18,45341.0,902833.0,7.8,3177.0,291739.0,2.5,48518.0,1194572.0,10.3,0.0
2021-05-19,49000.0,951833.0,8.2,2540.0,294279.0,2.5,51540.0,1246112.0,10.7,0.0
2021-05-20,52780.0,1004613.0,8.6,2309.0,296588.0,2.6,55089.0,1301201.0,11.2,0.0
2021-05-21,53822.0,1058435.0,9.1,1962.0,298550.0,2.6,55784.0,1356985.0,11.7,0.0
2021-05-22,13247.0,1071682.0,9.2,984.0,299534.0,2.6,14231.0,1371216.0,11.8,0.0
2021-05-23,4442.0,1076124.0,9.3,836.0,300370.0,2.6,5278.0,1376494.0,11.8,0.0
2021-05-24,36688.0,1112812.0,9.6,2438.0,302808.0,2.6,39126.0,1415620.0,12.2,0.0
2021-05-25,32295.0,1145107.0,9.9,9729.0,312537.0,2.7,42024.0,1457644.0,12.5,0.0
2021-05-26,40618.0,1185725.0,10.2,13695.0,326232.0,2.8,54313.0,1511957.0,13.0,0.0
2021-05-27,38588.0,1224313.0,10.5,13804.0,340036.0,2.9,52392.0,1564349.0,13.5,0.0
2021-05-28,46949.0,1271262.0,10.9,5360.0,345396.0,3.0,52309.0,1616658.0,13.9,0.0
2021-05-29,12262.0,1283524.0,11.0,1253.0,346649.0,3.0,13515.0,1630173.0,14.0,0.0
2021-05-30,4754.0,1288278.0,11.1,616.0,347265.0,3.0,5370.0,1635543.0,14.1,0.0
2021-05-31,43511.0,1331789.0,11.5,2829.0,350094.0,3.0,46340.0,1681883.0,14.5,0.0
2021-06-01,45003.0,1376792.0,11.8,2913.0,353007.0,3.0,47916.0,1729799.0,14.9,0.0
2021-06-02,35858.0,1412650.0,12.2,2146.0,355153.0,3.1,38004.0,1767803.0,15.2,0.0
2021-06-03,7946.0,1420596.0,12.2,928.0,356081.0,3.1,8874.0,1776677.0,15.3,0.0
2021-06-04,23575.0,1444171.0,12.4,14633.0,370714.0,3.2,38208.0,1814885.0,15.6,0.0
2021-06-05,6937.0,1451108.0,12.5,3824.0,374538.0,3.2,10761.0,1825646.0,15.7,0.0
2021-06-06,3154.0,1454262.0,12.5,760.0,375298.0,3.2,3914.0,1829560.0,15.7,0.0
2021-06-07,16571.0,1470833.0,12.7,32571.0,407869.0,3.5,49142.0,1878702.0,16.2,0.0
2021-06-08,20104.0,1490937.0,12.8,41289.0,449158.0,3.9,61393.0,1940095.0,16.7,0.0
2021-06-09,15035.0,1505972.0,13.0,28276.0,477434.0,4.1,43311.0,1983406.0,17.1,0.0
2021-06-10,10254.0,1516226.0,13.0,19140.0,496574.0,4.3,29394.0,2012800.0,17.3,0.0
2021-06-11,22203.0,1538429.0,13.2,22660.0,519234.0,4.5,44863.0,2057663.0,17.7,0.0
2021-06-12,4159.0,1542588.0,13.3,3369.0,522603.0,4.5,7528.0,2065191.0,17.8,0.0
2021-06-13,2142.0,1544730.0,13.3,2296.0,524899.0,4.5,4438.0,2069629.0,17.8,0.0
2021-06-14,11990.0,1556720.0,13.4,10772.0,535671.0,4.6,22762.0,2092391.0,18.0,0.0
2021-06-15,15631.0,1572351.0,13.5,9200.0,544871.0,4.7,24831.0,2117222.0,18.2,0.0
2021-06-16,22138.0,1594489.0,13.7,11728.0,556599.0,4.8,33866.0,2151088.0,18.5,0.0
2021-06-17,21025.0,1615514.0,13.9,9339.0,565938.0,4.9,30364.0,2181452.0,18.8,0.0
2021-06-18,18767.0,1634281.0,14.1,11262.0,577200.0,5.0,30029.0,2211481.0,19.0,0.0
2021-06-19,5245.0,1639526.0,14.1,5204.0,582404.0,5.0,10449.0,2221930.0,19.1,0.0
2021-06-20,4344.0,1643870.0,14.1,1693.0,584097.0,5.0,6037.0,2227967.0,19.2,0.0
2021-06-21,1419.0,1645289.0,14.2,2455.0,586552.0,5.0,3874.0,2231841.0,19.2,0.0
2021-06-22,13300.0,1658589.0,14.3,22640.0,609192.0,5.2,35940.0,2267781.0,19.5,0.0
2021-06-23,25593.0,1684182.0,14.5,22672.0,631864.0,5.4,48265.0,2316046.0,19.9,0.0
2021-06-24,38977.0,1723159.0,14.8,9487.0,641351.0,5.5,48464.0,2364510.0,20.3,0.0
2021-06-25,43836.0,1766995.0,15.2,14217.0,655568.0,5.6,58053.0,2422563.0,20.8,0.0
2021-06-26,11287.0,1778282.0,15.3,3810.0,659378.0,5.7,15097.0,2437660.0,21.0,0.0
2021-06-27,9946.0,1788228.0,15.4,2904.0,662282.0,5.7,12850.0,2450510.0,21.1,0.0
2021-06-28,34882.0,1823110.0,15.7,14243.0,676525.0,5.8,49125.0,2499635.0,21.5,0.0
2021-06-29,34641.0,1857751.0,16.0,15127.0,691652.0,6.0,49768.0,2549403.0,21.9,0.0
2021-06-30,27562.0,1885313.0,16.2,13870.0,705522.0,6.1,41432.0,2590835.0,22.3,0.0
2021-07-01,41904.0,1927217.0,16.6,14805.0,720327.0,6.2,56709.0,2647544.0,22.8,0.0
2021-07-02,60551.0,1987768.0,17.1,12854.0,733181.0,6.3,73405.0,2720949.0,23.4,0.0
2021-07-03,15223.0,2002991.0,17.2,2740.0,735921.0,6.3,17963.0,2738912.0,23.6,0.0
2021-07-04,21463.0,2024454.0,17.4,2619.0,738540.0,6.4,24082.0,2762994.0,23.8,0.0
2021-07-05,37672.0,2062126.0,17.7,7246.0,745786.0,6.4,44918.0,2807912.0,24.2,0.0
2021-07-06,75994.0,2138120.0,18.4,10112.0,755898.0,6.5,86106.0,2894018.0,24.9,0.0
2021-07-07,66179.0,2204299.0,19.0,13839.0,769737.0,6.6,80018.0,2974036.0,25.6,0.0
2021-07-08,45267.0,2249566.0,19.4,12499.0,782236.0,6.7,57766.0,3031802.0,26.1,0.0
2021-07-09,40366.0,2289932.0,19.7,8442.0,790678.0,6.8,48808.0,3080610.0,26.5,0.0
2021-07-10,14143.0,2304075.0,19.8,2165.0,792843.0,6.8,16308.0,3096918.0,26.7,0.0
2021-07-11,17156.0,2321231.0,20.0,3447.0,796290.0,6.9,20603.0,3117521.0,26.8,0.0
2021-07-12,52335.0,2373566.0,20.4,12389.0,808679.0,7.0,64724.0,3182245.0,27.4,0.0
2021-07-13,55799.0,2429365.0,20.9,12803.0,821482.0,7.1,68602.0,3250847.0,28.0,0.0
2021-07-14,52347.0,2481712.0,21.4,15587.0,837069.0,7.2,67934.0,3318781.0,28.6,0.0
2021-07-15,46349.0,2528061.0,21.8,30189.0,867258.0,7.5,76538.0,3395319.0,29.2,0.0
2021-07-16,33603.0,2561664.0,22.0,35514.0,902772.0,7.8,69117.0,3464436.0,29.8,0.0
2021-07-17,12619.0,2574283.0,22.2,14716.0,917488.0,7.9,27335.0,3491771.0,30.0,0.0
2021-07-18,24708.0,2598991.0,22.4,11741.0,929229.0,8.0,36449.0,3528220.0,30.4,0.0
2021-07-19,39927.0,2638918.0,22.7,51059.0,980288.0,8.4,90986.0,3619206.0,31.1,0.0
2021-07-20,37244.0,2676162.0,23.0,50597.0,1030885.0,8.9,87841.0,3707047.0,31.9,0.0
2021-07-21,36839.0,2713001.0,23.3,52130.0,1083015.0,9.3,88969.0,3796016.0,32.7,0.0
2021-07-22,29826.0,2742827.0,23.6,61916.0,1144931.0,9.9,91742.0,3887758.0,33.5,0.0
2021-07-23,27003.0,2769830.0,23.8,69759.0,1214690.0,10.5,96762.0,3984520.0,34.3,0.0
2021-07-24,8826.0,2778656.0,23.9,21344.0,1236034.0,10.6,30170.0,4014690.0,34.5,0.0
2021-07-25,9479.0,2788135.0,24.0,27603.0,1263637.0,10.9,37082.0,4051772.0,34.9,0.0
2021-07-26,22600.0,2810735.0,24.2,77184.0,1340821.0,11.5,99784.0,4151556.0,35.7,0.0
2021-07-27,24001.0,2834736.0,24.4,84730.0,1425551.0,12.3,108731.0,4260287.0,36.7,0.0
2021-07-28,16595.0,2851331.0,24.5,77145.0,1502696.0,12.9,93740.0,4354027.0,37.5,0.0
2021-07-29,11965.0,2863296.0,24.6,60962.0,1563658.0,13.5,72927.0,4426954.0,38.1,0.0
2021-07-30,10988.0,2874284.0,24.7,49952.0,1613610.0,13.9,60940.0,4487894.0,38.6,0.0
2021-07-31,3781.0,2878065.0,24.8,13784.0,1627394.0,14.0,17565.0,4505459.0,38.8,0.0
2021-08-01,3374.0,2881439.0,24.8,17344.0,1644738.0,14.2,20718.0,4526177.0,39.0,0.0
2021-08-02,12241.0,2893680.0,24.9,47158.0,1691896.0,14.6,59399.0,4585576.0,39.5,0.0
2021-08-03,10245.0,2903925.0,25.0,35158.0,1727054.0,14.9,45403.0,4630979.0,39.9,0.0
2021-08-04,9952.0,2913877.0,25.1,29650.0,1756704.0,15.1,39602.0,4670581.0,40.2,0.0
2021-08-05,9952.0,2923829.0,25.2,29650.0,1786354.0,15.4,39602.0,4710183.0,40.5,0.0
2021-08-06,570.0,2924399.0,25.2,3380.0,1789734.0,15.4,3950.0,4714133.0,40.6,0.0
2021-08-07,1872.0,2926271.0,25.2,8090.0,1797824.0,15.5,9962.0,4724095.0,40.7,0.0
2021-08-08,2789.0,2929060.0,25.2,8607.0,1806431.0,15.5,11396.0,4735491.0,40.8,0.0
2021-08-09,10817.0,2939877.0,25.3,33236.0,1839667.0,15.8,44053.0,4779544.0,41.1,0.0
2021-08-10,9279.0,2949156.0,25.4,35978.0,1875645.0,16.1,45257.0,4824801.0,41.5,0.0
2021-08-11,8038.0,2957194.0,25.4,46260.0,1921905.0,16.5,54298.0,4879099.0,42.0,0.0
2021-08-12,8240.0,2965434.0,25.5,54700.0,1976605.0,17.0,62940.0,4942039.0,42.5,0.0
2021-08-13,12367.0,2977801.0,25.6,50531.0,2027136.0,17.4,62898.0,5004937.0,43.1,0.0
2021-08-14,4997.0,2982798.0,25.7,10947.0,2038083.0,17.5,15944.0,5020881.0,43.2,0.0
2021-08-15,6673.0,2989471.0,25.7,8479.0,2046562.0,17.6,15152.0,5036033.0,43.3,0.0
2021-08-16,11510.0,3000981.0,25.8,48763.0,2095325.0,18.0,60273.0,5096306.0,43.9,0.0
2021-08-17,11456.0,3012437.0,25.9,46491.0,2141816.0,18.4,57947.0,5154253.0,44.4,0.0
2021-08-18,11207.0,3023644.0,26.0,50344.0,2192160.0,18.9,61551.0,5215804.0,44.9,0.0
2021-08-19,9872.0,3033516.0,26.1,44787.0,2236947.0,19.3,54659.0,5270463.0,45.4,0.0
2021-08-20,10495.0,3044011.0,26.2,38753.0,2275700.0,19.6,49248.0,5319711.0,45.8,0.0
2021-08-21,3617.0,3047628.0,26.2,7297.0,2282997.0,19.6,10914.0,5330625.0,45.9,0.0
2021-08-22,3926.0,3051554.0,26.3,6392.0,2289389.0,19.7,10318.0,5340943.0,46.0,0.0
2021-08-23,9850.0,3061404.0,26.3,38839.0,2328228.0,20.0,48689.0,5389632.0,46.4,0.0
2021-08-24,17598.0,3079002.0,26.5,73539.0,2401767.0,20.7,91137.0,5480769.0,47.2,0.0
2021-08-25,15425.0,3094427.0,26.6,78733.0,2480500.0,21.3,94158.0,5574927.0,48.0,0.0
2021-08-26,57406.0,3151833.0,27.1,42444.0,2522944.0,21.7,99850.0,5674777.0,48.8,0.0
2021-08-27,20788.0,3172621.0,27.3,77405.0,2600349.0,22.4,98193.0,5772970.0,49.7,0.0
2021-08-28,12876.0,3185497.0,27.4,26842.0,2627191.0,22.6,39718.0,5812688.0,50.0,0.0
2021-08-29,13238.0,3198735.0,27.5,24868.0,2652059.0,22.8,38106.0,5850794.0,50.4,0.0
2021-08-30,32162.0,3230897.0,27.8,67176.0,2719235.0,23.4,99338.0,5950132.0,51.2,0.0
2021-08-31,22416.0,3253313.0,28.0,28609.5,2747844.5,23.6,51025.5,6001157.5,51.6,0.0
2021-09-01,8063.0,3261376.0,28.1,24828.5,2772673.0,23.9,32891.5,6034049.0,51.9,0.0
2021-09-02,5570.5,3266946.5,28.1,18469.5,2791142.5,24.0,24040.0,6058089.0,52.1,0.0
2021-09-03,5570.5,3272517.0,28.2,18469.5,2809612.0,24.2,24040.0,6082129.0,52.3,0.0
2021-09-04,4235.0,3276752.0,28.2,16471.5,2826083.5,24.3,20706.5,6102835.5,52.5,0.0
2021-09-05,549.0,3277301.0,28.2,9724.5,2835808.0,24.4,10273.5,6113109.0,52.6,0.0
2021-09-06,5021.0,3282322.0,28.2,21514.5,2857322.5,24.6,26535.5,6139644.5,52.8,0.0
2021-09-07,5898.5,3288220.5,28.3,28966.0,2886288.5,24.8,34864.5,6174509.0,53.1,0.0
2021-09-08,5898.5,3294119.0,28.3,28966.0,2915254.5,25.1,34864.5,6209373.5,53.4,0.0
2021-09-09,5968.0,3300087.0,28.4,28107.5,2943362.0,25.3,34075.5,6243449.0,53.7,0.0
2021-09-10,6479.0,3306566.0,28.5,18522.0,2961884.0,25.5,25001.0,6268450.0,53.9,0.0
2021-09-11,1134.0,3307700.0,28.5,4185.0,2966069.0,25.5,5319.0,6273769.0,54.0,0.0
2021-09-12,923.0,3308623.0,28.5,3045.0,2969114.0,25.6,3968.0,6277737.0,54.0,0.0
2021-09-13,6939.5,3315562.5,28.5,15989.5,2985103.5,25.7,22929.0,6300666.0,54.2,0.0
2021-09-14,6939.5,3322502.0,28.6,15989.5,3001093.0,25.8,22929.0,6323595.0,54.4,0.0
2021-09-15,7176.0,3329678.0,28.7,16890.0,3017983.0,26.0,24066.0,6347661.0,54.6,0.0
2021-09-16,5608.0,3335286.0,28.7,8072.7,3026055.7,26.0,13680.7,6361341.7,54.7,0.0
2021-09-17,5608.0,3340894.0,28.8,8072.7,3034128.3,26.1,13680.7,6375022.3,54.9,0.0
2021-09-18,5608.0,3346502.0,28.8,8072.7,3042201.0,26.2,13680.7,6388703.0,55.0,0.0
2021-09-19,6414.0,3352916.0,28.9,20808.5,3063009.5,26.4,27222.5,6415925.5,55.2,0.0
2021-09-20,6414.0,3359330.0,28.9,20808.5,3083818.0,26.5,27222.5,6443148.0,55.4,0.0
2021-09-21,11483.5,3370813.5,29.0,67707.0,3151525.0,27.1,79190.5,6522338.5,56.1,0.0
2021-09-22,11483.5,3382297.0,29.1,67707.0,3219232.0,27.7,79190.5,6601529.0,56.8,0.0
2021-09-23,0.0,3382297.0,29.1,0.0,3219232.0,27.7,0.0,6601529.0,56.8,0.0
2021-09-24,6992.0,3389289.0,29.2,28446.0,3247678.0,27.9,35438.0,6636967.0,57.1,0.0
2021-09-25,2352.0,3391641.0,29.2,7487.0,3255165.0,28.0,9839.0,6646806.0,57.2,0.0
2021-09-26,1626.0,3393267.0,29.2,3223.0,3258388.0,28.0,4849.0,6651655.0,57.2,0.0
2021-09-27,10010.0,3403277.0,29.3,38989.0,3297377.0,28.4,48999.0,6700654.0,57.7,0.0
2021-09-28,8714.5,3411991.5,29.4,31186.0,3328563.0,28.6,39900.5,6740554.5,58.0,0.0
2021-09-29,8714.5,3420706.0,29.4,31186.0,3359749.0,28.9,39900.5,6780455.0,58.4,0.0
2021-09-30,5333.5,3426039.5,29.5,15134.0,3374883.0,29.0,20467.5,6800922.5,58.5,0.0
2021-10-01,5333.5,3431373.0,29.5,15134.0,3390017.0,29.2,20467.5,6821390.0,58.7,0.0
2021-10-02,1190.0,3432563.0,29.5,2453.0,3392470.0,29.2,3643.0,6825033.0,58.7,0.0
2021-10-03,1417.0,3433980.0,29.6,2482.0,3394952.0,29.2,3899.0,6828932.0,58.8,0.0
2021-10-04,12453.0,3446433.0,29.7,28967.0,3423919.0,29.5,41420.0,6870352.0,59.1,0.0
2021-10-05,7358.0,3453791.0,29.7,15549.0,3439468.0,29.6,22907.0,6893259.0,59.3,0.0
2021-10-06,6758.0,3460549.0,29.8,14480.0,3453948.0,29.7,21238.0,6914497.0,59.5,0.0
2021-10-07,5378.0,3465927.0,29.8,11814.0,3465762.0,29.8,17192.0,6931689.0,59.7,0.0
2021-10-08,5652.0,3471579.0,29.9,13856.0,3479618.0,29.9,19508.0,6951197.0,59.8,0.0
2021-10-09,1172.0,3472751.0,29.9,3151.0,3482769.0,30.0,4323.0,6955520.0,59.9,0.0
2021-10-10,1065.0,3473816.0,29.9,1563.0,3484332.0,30.0,2628.0,6958148.0,59.9,0.0
2021-10-11,6089.0,3479905.0,29.9,16056.0,3500388.0,30.1,22145.0,6980293.0,60.1,0.0
2021-10-12,5681.0,3485586.0,30.0,24833.0,3525221.0,30.3,30514.0,7010807.0,60.3,0.0
2021-10-13,6030.0,3491616.0,30.0,23914.0,3549135.0,30.5,29944.0,7040751.0,60.6,0.0
2021-10-14,6259.0,3497875.0,30.1,25753.0,3574888.0,30.8,43478.0,7084229.0,61.0,11466.0
2021-10-15,6316.0,3504191.0,30.2,25741.0,3600629.0,31.0,42981.0,7127210.0,61.3,22390.0
2021-10-16,1130.0,3505321.0,30.2,4205.0,3604834.0,31.0,7454.0,7134664.0,61.4,24509.0
2021-10-17,1878.0,3507199.0,30.2,3873.0,3608707.0,31.1,8813.0,7143477.0,61.5,27571.0
2021-10-18,8146.0,3515345.0,30.3,34462.0,3643169.0,31.4,61000.0,7204477.0,62.0,45963.0
2021-10-19,7834.0,3523179.0,30.3,38773.0,3681942.0,31.7,76756.0,7281233.0,62.7,76112.0
2021-10-20,6644.0,3529823.0,30.4,28638.0,3710580.0,31.9,65307.0,7346540.0,63.2,106137.0
2021-10-21,6929.0,3536752.0,30.4,24898.0,3735478.0,32.1,59181.0,7405721.0,63.7,133491.0
2021-10-22,8267.0,3545019.0,30.5,19467.0,3754945.0,32.3,50400.0,7456121.0,64.2,156157.0
2021-10-23,2382.0,3547401.0,30.5,3406.0,3758351.0,32.3,9213.0,7465334.0,64.2,159582.0
2021-10-24,1410.0,3548811.0,30.5,1724.0,3760075.0,32.4,4821.0,7470155.0,64.3,161269.0
2021-10-25,14412.0,3563223.0,30.7,25667.0,3785742.0,32.6,68271.0,7538426.0,64.9,189461.0
2021-10-26,11827.0,3575050.0,30.8,16268.0,3802010.0,32.7,50862.0,7589288.0,65.3,212228.0
2021-10-27,14926.0,3589976.0,30.9,17733.0,3819743.0,32.9,61306.0,7650594.0,65.8,240875.0
2021-10-28,9969.0,3599945.0,31.0,11344.0,3831087.0,33.0,42966.0,7693560.0,66.2,262528.0
2021-10-29,12673.5,3612618.5,31.1,20231.0,3851318.0,33.1,75442.5,7769002.5,66.9,305066.0
2021-10-30,12673.5,3625292.0,31.2,7103.0,3858421.0,33.2,34834.5,7803837.0,67.2,320124.0
2021-10-31,2298.0,3627590.0,31.2,2904.0,3861325.0,33.2,14510.0,7818347.0,67.3,329432.0
2021-11-01,8912.0,3636502.0,31.3,11450.0,3872775.0,33.3,33584.0,7851931.0,67.6,342654.0
2021-11-02,624.0,3637126.0,31.3,660.0,3873435.0,33.3,1824.0,7853755.0,67.6,343194.0
2021-11-03,7016.0,3644142.0,31.4,10085.0,3883520.0,33.4,20567.0,7874322.0,67.8,346660.0
2021-11-04,10258.0,3654400.0,31.4,11472.0,3894992.0,33.5,27531.0,7901853.0,68.0,352461.0
2021-11-05,12273.0,3666673.0,31.6,12685.0,3907677.0,33.6,29935.0,7931788.0,68.3,357438.0
2021-11-06,4719.0,3671392.0,31.6,3694.0,3911371.0,33.7,8548.0,7940336.0,68.3,357573.0
2021-11-07,1148.0,3672540.0,31.6,1972.0,3913343.0,33.7,3132.0,7943468.0,68.4,357585.0
